-- =============================================
-- Тестовые данные для разработки
-- =============================================

-- Игроки
INSERT INTO players (id, telegram_id, telegram_username, name, rating, is_admin) VALUES
    ('a0000001-0001-0001-0001-000000000001', 111111111, 'player1', 'Иван Иванов', 105.50, true),
    ('a0000001-0001-0001-0001-000000000002', 222222222, 'player2', 'Пётр Петров', 98.20, false),
    ('a0000001-0001-0001-0001-000000000003', 333333333, 'player3', 'Сидор Сидоров', 102.00, false),
    ('a0000001-0001-0001-0001-000000000004', 444444444, 'player4', 'Алексей Алексеев', 95.00, false),
    ('a0000001-0001-0001-0001-000000000005', 555555555, 'player5', 'Михаил Михайлов', 100.00, false),
    ('a0000001-0001-0001-0001-000000000006', 666666666, 'player6', 'Дмитрий Дмитриев', 97.50, false);

-- Сезон (февраль 2026)
INSERT INTO seasons (id, year, month, name, status) VALUES
    ('b0000002-0002-0002-0002-000000000001', 2026, 2, 'Февраль 2026', 'active');

-- Дивизионы текущего сезона
INSERT INTO divisions (id, season_id, number, coef) VALUES
    ('c0000003-0003-0003-0003-000000000001', 'b0000002-0002-0002-0002-000000000001', 1, 0.30),
    ('c0000003-0003-0003-0003-000000000002', 'b0000002-0002-0002-0002-000000000001', 2, 0.27);

-- Участники дивизиона 1
INSERT INTO division_players (division_id, player_id, position, total_points, total_sets_won, total_sets_lost) VALUES
    ('c0000003-0003-0003-0003-000000000001', 'a0000001-0001-0001-0001-000000000001', 1, 4, 6, 2),
    ('c0000003-0003-0003-0003-000000000001', 'a0000001-0001-0001-0001-000000000002', 2, 2, 3, 4),
    ('c0000003-0003-0003-0003-000000000001', 'a0000001-0001-0001-0001-000000000003', 3, 2, 4, 3);

-- Участники дивизиона 2
INSERT INTO division_players (division_id, player_id, position, total_points, total_sets_won, total_sets_lost) VALUES
    ('c0000003-0003-0003-0003-000000000002', 'a0000001-0001-0001-0001-000000000004', 1, 2, 3, 2),
    ('c0000003-0003-0003-0003-000000000002', 'a0000001-0001-0001-0001-000000000005', 2, 2, 2, 3),
    ('c0000003-0003-0003-0003-000000000002', 'a0000001-0001-0001-0001-000000000006', 3, 0, 1, 4);

-- Пример сыгранного матча
INSERT INTO matches (division_id, player1_id, player2_id, sets_player1, sets_player2, status, submitted_by, played_at) VALUES
    ('c0000003-0003-0003-0003-000000000001', 'a0000001-0001-0001-0001-000000000001', 'a0000001-0001-0001-0001-000000000002', 3, 1, 'played', 'a0000001-0001-0001-0001-000000000001', NOW() - INTERVAL '2 days');
